name,type,power,latitude,longitude,# of chargers,cost,EVCO,0:00,0:15,0:30,0:45,1:00,1:15,1:30,1:45,2:00,2:15,2:30,2:45,3:00,3:15,3:30,3:45,4:00,4:15,4:30,4:45,5:00,5:15,5:30,5:45,6:00,6:15,6:30,6:45,7:00,7:15,7:30,7:45,8:00,8:15,8:30,8:45,9:00,9:15,9:30,9:45,10:00,10:15,10:30,10:45,11:00,11:15,11:30,11:45,12:00,12:15,12:30,12:45,13:00,13:15,13:30,13:45,14:00,14:15,14:30,14:45,15:00,15:15,15:30,15:45,16:00,16:15,16:30,16:45,17:00,17:15,17:30,17:45,18:00,18:15,18:30,18:45,19:00,19:15,19:30,19:45,20:00,20:15,20:30,20:45,21:00,21:15,21:30,21:45,22:00,22:15,22:30,22:45,23:00,23:15,23:30,23:45,peak utilisation,capacity,when peak
1 Woodlands Height (Koufu HQ),AC,22,1.428595,103.799435,3,0.59,CDGE,0,0,0,0,0,0,0,0,0,0,0,0,0,0,0,0,0,0,0,0,0,0,0,0,0,0,0,0,0,0.034482759,0.034482759,0.034482759,0,0.034482759,0.379310345,0.689655172,1.206896552,1.448275862,1.466666667,1.533333333,1.5,1.433333333,1.333333333,1.233333333,1.2,1.166666667,1.033333333,0.933333333,0.9,0.9,0.833333333,0.586206897,0.517241379,0.344827586,0.310344828,0.275862069,0.206896552,0.2,0.2,0.1,0.133333333,0.133333333,0.133333333,0.133333333,0.133333333,0.166666667,0.137931034,0.137931034,0.137931034,0.137931034,0.172413793,0.1,0.1,0.064516129,0,0.032258065,0.064516129,0.032258065,0.064516129,0.064516129,0.032258065,0.064516129,0.066666667,0.066666667,0,0,0,0,0,0,0,0,0,0,0,0,1.533333333,3,9:45
1 Woodlands Height (Koufu HQ),DC,120,1.428095,103.799435,2,0.64,CDGE,0.233333333,0.266666667,0.206896552,0.137931034,0.103448276,0.172413793,0.24137931,0.206896552,0.172413793,0.103448276,0.103448276,0.068965517,0.068965517,0.068965517,0.068965517,0.068965517,0.068965517,0.068965517,0.068965517,0.206896552,0.206896552,0.137931034,0.103448276,0.068965517,0.068965517,0.068965517,0.068965517,0.24137931,0.24137931,0.206896552,0.24137931,0.310344828,0.310344828,0.24137931,0.310344828,0.413793103,0.379310345,0.24137931,0.166666667,0.166666667,0.2,0.166666667,0.2,0.4,0.433333333,0.5,0.433333333,0.3,0.4,0.3,0.4,0.517241379,0.448275862,0.586206897,0.517241379,0.379310345,0.310344828,0.4,0.4,0.5,0.733333333,0.866666667,0.6,0.766666667,0.866666667,0.966666667,0.724137931,0.827586207,0.896551724,0.689655172,0.655172414,0.7,0.766666667,0.741935484,0.580645161,0.580645161,0.612903226,0.580645161,0.516129032,0.483870968,0.580645161,0.612903226,0.666666667,0.6,0.433333333,0.333333333,0.333333333,0.333333333,0.333333333,0.366666667,0.433333333,0.4,0.466666667,0.333333333,0.3,0.266666667,0.966666667,2,16:15
313@Somerset - AC,AC,22,1.301019,103.838766,1,0.53,Keppel Volt,0,0,0,0,0,0,0,0,0,0,0,0,0,0,0,0,0,0,0,0,0,0,0,0,0,0,0,0,0,0,0,0,0,0,0,0.034482759,0.034482759,0.068965517,0.066666667,0.066666667,0.033333333,0.066666667,0.1,0.1,0.066666667,0.1,0.1,0.066666667,0.066666667,0.133333333,0.166666667,0.172413793,0.24137931,0.24137931,0.24137931,0.206896552,0.206896552,0.166666667,0.133333333,0.133333333,0.1,0.133333333,0.133333333,0.1,0.066666667,0.033333333,0.034482759,0.034482759,0.034482759,0.068965517,0.068965517,0.166666667,0.133333333,0.225806452,0.225806452,0.258064516,0.322580645,0.258064516,0.258064516,0.225806452,0.161290323,0.129032258,0.033333333,0.033333333,0.033333333,0.033333333,0,0,0,0,0,0,0,0,0,0,0.322580645,1,19:00
313@Somerset - DC,DC,30,1.300919,103.838766,2,0.6,Keppel Volt,0,0,0,0,0,0,0,0,0,0,0,0,0,0,0,0,0,0,0.034482759,0.034482759,0,0,0,0,0,0,0,0,0,0,0,0,0,0,0,0,0,0,0,0,0,0,0.033333333,0.033333333,0.033333333,0.066666667,0.033333333,0.066666667,0.033333333,0.033333333,0.133333333,0.172413793,0.103448276,0.103448276,0.034482759,0.034482759,0.068965517,0.1,0.066666667,0.033333333,0.033333333,0.033333333,0.033333333,0.066666667,0.066666667,0.033333333,0.103448276,0.103448276,0.413793103,0.482758621,0.551724138,0.6,0.466666667,0.548387097,0.580645161,0.677419355,0.64516129,0.516129032,0.483870968,0.483870968,0.516129032,0.35483871,0.366666667,0.3,0.066666667,0.033333333,0.033333333,0.033333333,0.033333333,0,0.033333333,0.033333333,0.033333333,0.033333333,0.033333333,0,0.677419355,2,18:45
9 Penang Road,AC,7.4,1.298162,103.845146,4,0.5,Shell,0,0,0,0,0,0,0,0,0,0,0,0,0,0,0,0,0,0,0,0,0,0,0,0,0,0,0,0,0,0,0,0,0,0.034482759,0.034482759,0.034482759,0.034482759,0.142857143,0.134453782,0.133333333,0.133333333,0.133333333,0.134453782,0.168067227,0.133333333,0.133333333,0.133333333,0.066666667,0.066666667,0.066666667,0.1,0.103448276,0.068965517,0.034482759,0.034482759,0.034482759,0.034482759,0.066666667,0.033333333,0.066666667,0.066666667,0.066666667,0.033333333,0.033333333,0.033333333,0.033333333,0.034482759,0.034482759,0.103448276,0.068965517,0.068965517,0.066666667,0.066666667,0.064516129,0.064516129,0.032258065,0,0.064516129,0.064516129,0.064516129,0.096774194,0.096774194,0.1,0.1,0.066666667,0.066666667,0.066666667,0.066666667,0.033333333,0.033333333,0,0,0,0,0,0,0.168067227,4,10:45
AMK Hub,AC,22,1.369545,103.848438,2,0.5,Keppel Volt,0.166666667,0.133333333,0.172413793,0.172413793,0.172413793,0.172413793,0.172413793,0.172413793,0.137931034,0.068965517,0.034482759,0.034482759,0.034482759,0.034482759,0.034482759,0,0,0,0,0,0,0,0,0,0,0.034482759,0.034482759,0.034482759,0.068965517,0.068965517,0.034482759,0.068965517,0.24137931,0.344827586,0.413793103,0.448275862,0.517241379,0.586206897,0.566666667,0.566666667,0.466666667,0.533333333,0.5,0.533333333,0.666666667,0.733333333,0.633333333,0.6,0.633333333,0.733333333,0.833333333,0.896551724,0.931034483,0.862068966,0.931034483,0.827586207,0.75862069,0.633333333,0.533333333,0.566666667,0.6,0.7,0.7,0.666666667,0.733333333,0.8,0.586206897,0.551724138,0.551724138,0.551724138,0.620689655,0.6,0.566666667,0.612903226,0.741935484,0.903225806,0.838709677,0.935483871,0.935483871,0.870967742,1,0.870967742,0.833333333,0.7,0.566666667,0.466666667,0.4,0.166666667,0.133333333,0.1,0.1,0.166666667,0.166666667,0.133333333,0.133333333,0.166666667,1,2,20:00
AutoBay @ Kaki Bukit,DC,120,1.341798,103.91281,2,0.64,CDGE,0.066666667,0.066666667,0.034482759,0.034482759,0.034482759,0.068965517,0.034482759,0,0,0,0,0,0,0.068965517,0.172413793,0.137931034,0.034482759,0.034482759,0.034482759,0.034482759,0.034482759,0.034482759,0,0.034482759,0.034482759,0,0,0.068965517,0.068965517,0.068965517,0,0.103448276,0.206896552,0.275862069,0.172413793,0.103448276,0.034482759,0.034482759,0.066666667,0.033333333,0,0.033333333,0.033333333,0.066666667,0,0,0.033333333,0.033333333,0.033333333,0.066666667,0.133333333,0.103448276,0.103448276,0.068965517,0.034482759,0.172413793,0.24137931,0.166666667,0.133333333,0.133333333,0.2,0.2,0.166666667,0.266666667,0.466666667,0.4,0.379310345,0.275862069,0.206896552,0.172413793,0.034482759,0.066666667,0.1,0.129032258,0.161290323,0.193548387,0.193548387,0.193548387,0.129032258,0.096774194,0.032258065,0.064516129,0.033333333,0.133333333,0.3,0.266666667,0.233333333,0.2,0.2,0.166666667,0.1,0.066666667,0.1,0.1,0.1,0.066666667,0.466666667,2,16:00
BreadTalk IHQ,AC,22,1.334571,103.88958,2,0.53,Keppel Volt,0,0,0,0,0,0,0,0,0,0,0,0,0,0,0,0,0,0,0,0,0,0,0,0,0,0,0,0,0,0,0.103448276,0.103448276,0.103448276,0.068965517,0.24137931,0.448275862,0.482758621,0.517241379,0.566666667,0.566666667,0.5,0.5,0.533333333,0.233333333,0.2,0.233333333,0.266666667,0.366666667,0.3,0.466666667,0.4,0.448275862,0.310344828,0.482758621,0.448275862,0.413793103,0.379310345,0.433333333,0.4,0.366666667,0.3,0.2,0.2,0.2,0.233333333,0.2,0.172413793,0.103448276,0.103448276,0.103448276,0.137931034,0.1,0.1,0.129032258,0.129032258,0.161290323,0.225806452,0.258064516,0.258064516,0.258064516,0.193548387,0.129032258,0.133333333,0.1,0.1,0.033333333,0,0,0,0,0,0,0,0,0,0,0.566666667,2,9:30
Centro Residences (Private Use),AC,22,1.370509,103.848679,2,0.53,Keppel Volt,0.1,0.1,0.103448276,0.103448276,0.103448276,0.103448276,0.103448276,0.103448276,0.103448276,0.103448276,0.103448276,0.103448276,0.103448276,0.103448276,0.137931034,0.137931034,0.103448276,0.103448276,0.103448276,0.103448276,0.103448276,0.103448276,0.068965517,0.068965517,0.034482759,0.034482759,0.034482759,0.034482759,0.034482759,0.034482759,0.034482759,0.034482759,0.034482759,0.068965517,0.068965517,0.068965517,0.068965517,0.068965517,0.033333333,0.033333333,0.033333333,0.033333333,0.033333333,0.033333333,0.033333333,0.033333333,0.033333333,0.066666667,0.066666667,0.066666667,0.066666667,0.034482759,0.034482759,0.034482759,0.034482759,0.034482759,0.034482759,0.033333333,0.033333333,0.033333333,0.033333333,0.033333333,0.033333333,0.033333333,0.033333333,0.033333333,0,0,0,0,0,0,0,0,0.064516129,0.064516129,0.096774194,0.129032258,0.129032258,0.129032258,0.129032258,0.129032258,0.133333333,0.133333333,0.133333333,0.133333333,0.133333333,0.166666667,0.166666667,0.133333333,0.133333333,0.133333333,0.133333333,0.133333333,0.133333333,0.133333333,0.166666667,2,21:45
Centro Residences (Private Use),DC,50,1.370409,103.848679,1,0.6,Keppel Volt,0,0,0,0,0,0,0,0,0,0,0,0,0,0,0.034482759,0.034482759,0.068965517,0.034482759,0.034482759,0.034482759,0,0,0,0,0,0,0,0,0,0,0,0,0,0,0,0,0,0,0,0,0,0,0.033333333,0.033333333,0.033333333,0.033333333,0,0.033333333,0.033333333,0.066666667,0.066666667,0.068965517,0.068965517,0.034482759,0.034482759,0.034482759,0.034482759,0.033333333,0,0,0,0,0,0.033333333,0.033333333,0.033333333,0.034482759,0,0,0.034482759,0.034482759,0.066666667,0.066666667,0.064516129,0,0,0,0,0,0,0,0,0,0.033333333,0.066666667,0.033333333,0,0,0,0.033333333,0.033333333,0.033333333,0,0,0,0,0.068965517,1,4:00
CityCab (Sin Ming),DC,120,1.36081051,103.8409526,6,0.64,CDGE,0.766666667,0.6,0.689655172,0.517241379,0.482758621,0.310344828,0.344827586,0.517241379,0.482758621,0.517241379,0.448275862,0.344827586,0.206896552,0.103448276,0.103448276,0.344827586,0.344827586,0.413793103,0.206896552,0.275862069,0.137931034,0.137931034,0.172413793,0.24137931,0.206896552,0.172413793,0.103448276,0.068965517,0,0,0.068965517,0.103448276,0.103448276,0.137931034,0.068965517,0.206896552,0.24137931,0.275862069,0.266666667,0.3,0.466666667,0.566666667,0.5,0.466666667,0.5,0.7,0.866666667,1.033333333,1.2,1.066666667,0.866666667,0.862068966,0.724137931,0.793103448,0.655172414,0.724137931,0.517241379,0.566666667,0.366666667,0.433333333,0.733333333,0.7,0.7,0.933333333,0.9,0.7,0.517241379,0.517241379,0.413793103,0.310344828,0.586206897,0.466666667,0.5,0.451612903,0.258064516,0.258064516,0.290322581,0.193548387,0.419354839,0.612903226,0.64516129,0.548387097,0.7,0.7,0.6,0.766666667,0.966666667,0.833333333,0.8,0.866666667,0.7,0.666666667,0.633333333,0.733333333,0.633333333,0.9,1.2,6,12:00
ComfortDelGro Engineering (Loyang),DC,100,1.37132097,103.9678148,2,0.64,CDGE,0.09375,0.15625,0.096774194,0.129032258,0.129032258,0.129032258,0.064516129,0.129032258,0.225806452,0.161290323,0.290322581,0.225806452,0.290322581,0.322580645,0.290322581,0.225806452,0.225806452,0.225806452,0.258064516,0.193548387,0.161290323,0.129032258,0.161290323,0.096774194,0.064516129,0,0.096774194,0.032258065,0.129032258,0.483870968,0.483870968,0.516129032,0.516129032,0.483870968,0.322580645,0.161290323,0.161290323,0.225806452,0.34375,0.34375,0.40625,0.40625,0.5,0.53125,0.40625,0.28125,0.15625,0.15625,0.15625,0.28125,0.28125,0.451612903,0.290322581,0.35483871,0.322580645,0.322580645,0.322580645,0.40625,0.375,0.28125,0.375,0.3125,0.25,0.46875,0.419354839,0.419354839,0.4,0.3,0.2,0.233333333,0.133333333,0.129032258,0.129032258,0.21875,0.21875,0.25,0.125,0.15625,0.125,0.212121212,0.303030303,0.424242424,0.375,0.40625,0.375,0.375,0.40625,0.375,0.34375,0.375,0.375,0.34375,0.21875,0.28125,0.15625,0.1875,0.53125,2,10:45
ComfortDelGro Engineering (Pandan),DC,120,1.300929,103.746796,2,0.64,CDGE,0.133333333,0.133333333,0.137931034,0.206896552,0.24137931,0.275862069,0.24137931,0.275862069,0.206896552,0.24137931,0.206896552,0.206896552,0.172413793,0.206896552,0.206896552,0.172413793,0.137931034,0.206896552,0.275862069,0.379310345,0.413793103,0.310344828,0.24137931,0.137931034,0.103448276,0.103448276,0.137931034,0.137931034,0.103448276,0.103448276,0.068965517,0.068965517,0.068965517,0.103448276,0.413793103,0.620689655,0.448275862,0.379310345,0.466666667,0.6,0.733333333,0.766666667,0.566666667,0.433333333,0.533333333,0.566666667,0.666666667,0.6,0.533333333,0.533333333,0.666666667,0.551724138,0.448275862,0.172413793,0.103448276,0.310344828,0.24137931,0.3,0.3,0.266666667,0.266666667,0.3,0.4,0.466666667,0.466666667,0.566666667,0.551724138,0.827586207,0.793103448,0.551724138,0.448275862,0.4,0.333333333,0.258064516,0.225806452,0.193548387,0.193548387,0.225806452,0.290322581,0.258064516,0.193548387,0.193548387,0.3,0.4,0.366666667,0.233333333,0.266666667,0.4,0.433333333,0.466666667,0.366666667,0.266666667,0.2,0.066666667,0.066666667,0.133333333,0.827586207,2,16:45
ComfortDelGro HQ (Braddell),DC,120,1.34305295,103.8581712,4,0.64,CDGE,1.366666667,1.3,1.206896552,0.896551724,0.655172414,0.344827586,0.517241379,0.551724138,0.551724138,0.655172414,0.75862069,0.620689655,0.655172414,0.620689655,0.413793103,0.413793103,0.482758621,0.482758621,0.586206897,0.517241379,0.413793103,0.379310345,0.827586207,0.862068966,1.137931034,1.068965517,0.620689655,0.517241379,0.482758621,0.689655172,0.620689655,0.535714286,0.413793103,0.448275862,0.517241379,0.344827586,0.310344828,0.310344828,0.633333333,0.866666667,1,1.1,1.1,1.333333333,1.366666667,1.533333333,1.566666667,1.633333333,1.566666667,1.4,1.366666667,1.448275862,1.586206897,1.620689655,1.482758621,1.586206897,1.413793103,1.4,1.8,2,1.866666667,1.6,1.633333333,1.333333333,1.233333333,1.466666667,1.620689655,1.482758621,1.172413793,0.862068966,0.655172414,0.633333333,0.5,0.451612903,0.548387097,0.548387097,0.516129032,0.64516129,0.612903226,0.677419355,0.677419355,1.064516129,1.233333333,1.2,1.5,1.333333333,1.1,1.133333333,1.1,1.333333333,1.133333333,1.066666667,1.033333333,1.2,1.3,1.566666667,2,4,14:45
Devan Nair Institute,AC,3.7,1.335592070832638,103.74456787109376,2,3,Shell,0,0,0,0,0,0,0,0,0,0,0,0,0,0,0,0,0,0,0,0,0,0,0,0,0,0,0,0,0,0,0,0,0,0,0,0,0,0.035087719,0.033898305,0.033898305,0.066666667,0.101694915,0.066666667,0.066666667,0.066666667,0.066666667,0.066666667,0.066666667,0.033333333,0.033898305,0.033333333,0.034482759,0.068965517,0.068965517,0.103448276,0.103448276,0.103448276,0.066666667,0.066666667,0.066666667,0.033333333,0,0.033333333,0,0,0,0,0,0,0,0,0,0,0,0.032258065,0.064516129,0.096774194,0.064516129,0.064516129,0.064516129,0.064516129,0.032258065,0.033333333,0.033333333,0.033333333,0.033333333,0.033333333,0.033333333,0,0,0,0,0,0,0,0,0.103448276,2,13:30
Esso East Coast,DC,120,1.3080587,103.9077179,2,0.64,CDGE,0.466666667,0.3,0.310344828,0.24137931,0.24137931,0.482758621,0.379310345,0.344827586,0.206896552,0.24137931,0.310344828,0.482758621,0.344827586,0.310344828,0.206896552,0.24137931,0.24137931,0.24137931,0.206896552,0.206896552,0.068965517,0.172413793,0.172413793,0.275862069,0.275862069,0.448275862,0.413793103,0.413793103,0.482758621,0.482758621,0.586206897,0.310344828,0.344827586,0.551724138,0.379310345,0.517241379,0.655172414,0.724137931,0.6,0.533333333,0.6,0.666666667,0.6,0.6,0.566666667,0.6,0.6,0.6,0.5,0.6,0.833333333,0.620689655,0.551724138,0.620689655,0.517241379,0.586206897,0.482758621,0.366666667,0.533333333,0.6,0.5,0.533333333,0.7,0.766666667,0.666666667,0.533333333,0.75862069,0.793103448,0.517241379,0.448275862,0.517241379,0.633333333,0.6,0.35483871,0.290322581,0.258064516,0.677419355,0.548387097,0.483870968,0.516129032,0.419354839,0.483870968,0.433333333,0.5,0.5,0.4,0.366666667,0.233333333,0.266666667,0.466666667,0.566666667,0.466666667,0.3,0.4,0.6,0.633333333,0.833333333,2,12:30
Esso Pioneer,DC,60,1.3130101,103.6874507,2,0.64,CDGE,0,0,0,0,0.034482759,0.034482759,0,0.034482759,0.034482759,0.068965517,0.068965517,0.068965517,0.103448276,0.034482759,0.034482759,0,0,0,0,0.034482759,0,0,0,0.034482759,0.137931034,0.137931034,0.103448276,0.068965517,0,0.379310345,0.413793103,0.379310345,0.379310345,0.137931034,0.034482759,0.103448276,0.172413793,0.206896552,0.2,0.2,0.166666667,0.2,0.133333333,0.166666667,0.266666667,0.233333333,0.2,0.233333333,0.233333333,0.233333333,0.3,0.310344828,0.310344828,0.275862069,0.275862069,0.172413793,0.172413793,0.133333333,0.133333333,0.133333333,0.2,0.233333333,0.166666667,0.1,0.166666667,0.133333333,0.137931034,0.172413793,0.103448276,0.068965517,0.068965517,0.066666667,0.066666667,0.032258065,0,0,0,0.032258065,0.032258065,0.032258065,0.096774194,0.032258065,0,0,0,0.033333333,0.1,0.033333333,0.033333333,0.066666667,0.133333333,0.166666667,0.3,0.3,0.233333333,0.1,0.413793103,2,7:30
Esso Upper Aljunied,DC,120,1.33233108,103.8789798,2,0.64,CDGE,0.333333333,0.3,0.275862069,0.24137931,0.275862069,0.206896552,0.24137931,0.448275862,0.482758621,0.379310345,0.517241379,0.482758621,0.482758621,0.517241379,0.620689655,0.724137931,0.965517241,0.965517241,0.689655172,0.344827586,0.24137931,0.379310345,0.448275862,0.275862069,0.482758621,0.413793103,0.275862069,0.275862069,0.24137931,0.275862069,0.275862069,0.310344828,0.24137931,0.172413793,0.379310345,0.379310345,0.310344828,0.413793103,0.3,0.333333333,0.233333333,0.166666667,0.266666667,0.533333333,0.633333333,0.633333333,0.6,0.566666667,0.6,0.666666667,0.766666667,0.965517241,0.931034483,0.724137931,0.689655172,0.620689655,0.586206897,0.566666667,0.633333333,0.566666667,0.866666667,0.8,0.7,0.533333333,0.733333333,1.066666667,0.931034483,0.931034483,0.689655172,0.517241379,0.551724138,0.6,0.533333333,0.483870968,0.483870968,0.451612903,0.64516129,0.64516129,0.516129032,0.548387097,0.64516129,0.580645161,0.533333333,0.5,0.733333333,0.666666667,0.633333333,0.7,0.733333333,0.833333333,0.7,0.566666667,0.533333333,0.4,0.433333333,0.4,1.066666667,2,16:15
Flame Tree Condominium (Private Use),AC,22,1.361264,103.828936,2,0.53,Keppel Volt,0,0,0.034482759,0.034482759,0.034482759,0.034482759,0.034482759,0.034482759,0.034482759,0.034482759,0.034482759,0.034482759,0.034482759,0.034482759,0.034482759,0.034482759,0.034482759,0.034482759,0.034482759,0.034482759,0.034482759,0.034482759,0.034482759,0.034482759,0.034482759,0.034482759,0.034482759,0.034482759,0.034482759,0.034482759,0.034482759,0.034482759,0,0,0.034482759,0.034482759,0.068965517,0.068965517,0.066666667,0.066666667,0.066666667,0.066666667,0.066666667,0.066666667,0.066666667,0.066666667,0.066666667,0.066666667,0.066666667,0.066666667,0.066666667,0.068965517,0.034482759,0.068965517,0.137931034,0.137931034,0.137931034,0.133333333,0.133333333,0.1,0.1,0.1,0.166666667,0.133333333,0.1,0.1,0.103448276,0.068965517,0.034482759,0.034482759,0.034482759,0.066666667,0.066666667,0.064516129,0.032258065,0.032258065,0.032258065,0.032258065,0.032258065,0.032258065,0.032258065,0.032258065,0.033333333,0.033333333,0.033333333,0.033333333,0.033333333,0.033333333,0.033333333,0.033333333,0.033333333,0.033333333,0.033333333,0.033333333,0.033333333,0.033333333,0.166666667,2,15:30
Grandlink Square,AC,22,1.31454,103.891432,4,0.5,Keppel Volt,0.1,0.1,0.068965517,0.068965517,0.068965517,0.068965517,0.068965517,0.068965517,0.068965517,0.034482759,0.034482759,0.034482759,0,0,0,0,0,0,0,0,0,0,0,0,0,0,0,0,0,0,0,0,0,0.034482759,0.034482759,0.034482759,0.034482759,0.034482759,0.033333333,0.033333333,0.033333333,0.033333333,0.033333333,0.033333333,0.066666667,0.1,0.133333333,0.2,0.2,0.266666667,0.166666667,0.206896552,0.172413793,0.206896552,0.206896552,0.172413793,0.24137931,0.166666667,0.233333333,0.233333333,0.233333333,0.266666667,0.233333333,0.2,0.166666667,0.133333333,0.034482759,0.068965517,0.034482759,0.103448276,0.137931034,0.133333333,0.133333333,0.129032258,0.096774194,0.161290323,0.161290323,0.161290323,0.290322581,0.290322581,0.258064516,0.161290323,0.1,0.1,0.133333333,0.166666667,0.166666667,0.133333333,0.133333333,0.133333333,0.1,0.1,0.1,0.1,0.1,0.1,0.290322581,4,19:30
IES The Insitution of Engineers,AC,22,1.345061,103.790466,2,0.53,Keppel Volt,0.233333333,0.233333333,0.206896552,0.24137931,0.24137931,0.24137931,0.24137931,0.24137931,0.206896552,0.172413793,0.172413793,0.172413793,0.137931034,0.137931034,0.137931034,0.137931034,0.137931034,0.137931034,0.137931034,0.137931034,0.137931034,0.137931034,0.137931034,0.137931034,0.137931034,0.137931034,0.137931034,0.137931034,0.137931034,0.137931034,0.137931034,0.137931034,0.137931034,0.137931034,0.137931034,0.137931034,0.137931034,0.137931034,0.166666667,0.166666667,0.133333333,0.166666667,0.166666667,0.133333333,0.133333333,0.166666667,0.166666667,0.166666667,0.166666667,0.166666667,0.133333333,0.137931034,0.172413793,0.172413793,0.137931034,0.137931034,0.137931034,0.133333333,0.133333333,0.133333333,0.133333333,0.133333333,0.133333333,0.133333333,0.133333333,0.133333333,0.137931034,0.103448276,0.103448276,0.103448276,0.103448276,0.1,0.1,0.129032258,0.129032258,0.129032258,0.161290323,0.161290323,0.161290323,0.161290323,0.161290323,0.161290323,0.166666667,0.166666667,0.166666667,0.166666667,0.166666667,0.166666667,0.166666667,0.166666667,0.166666667,0.166666667,0.166666667,0.166666667,0.2,0.2,0.24137931,2,0:45
International Building Yotel,AC,7.4,1.306483,103.831171,1,3 per hour,Shell,0,0,0,0,0,0,0,0,0,0,0,0,0,0,0,0,0,0,0,0,0,0,0,0,0,0,0,0,0,0,0,0,0,0,0,0,0.055555556,0.111111111,0.157894737,0.157894737,0.157894737,0.210526316,0.210526316,0.210526316,0.263157895,0.263157895,0.210526316,0.105263158,0.105263158,0.052631579,0.052631579,0.105263158,0.105263158,0.105263158,0.105263158,0.055555556,0.052631579,0,0,0,0,0,0,0,0,0,0,0,0,0,0,0,0,0,0,0.047619048,0,0,0,0,0,0,0,0,0,0,0,0,0,0,0,0,0,0,0,0,0.263157895,1,11:00
JEM - AC,AC,22,1.332732,103.743329,1,0.5,Keppel Volt,0.033333333,0.033333333,0.034482759,0.034482759,0,0,0,0,0,0,0,0,0,0,0,0,0,0,0,0,0,0,0,0,0,0,0,0,0,0,0,0.068965517,0.137931034,0.24137931,0.24137931,0.310344828,0.275862069,0.24137931,0.2,0.166666667,0.233333333,0.4,0.366666667,0.366666667,0.3,0.333333333,0.3,0.3,0.3,0.333333333,0.3,0.310344828,0.24137931,0.172413793,0.206896552,0.172413793,0.172413793,0.1,0.066666667,0.066666667,0.133333333,0.133333333,0.166666667,0.2,0.166666667,0.266666667,0.310344828,0.24137931,0.172413793,0.172413793,0.206896552,0.366666667,0.5,0.580645161,0.612903226,0.741935484,0.580645161,0.580645161,0.516129032,0.580645161,0.516129032,0.419354839,0.366666667,0.366666667,0.133333333,0.1,0.066666667,0.066666667,0.066666667,0.033333333,0.066666667,0.066666667,0.066666667,0.066666667,0.066666667,0.033333333,0.741935484,1,18:45
JEM - DC,DC,30,1.333151,103.743657,2,0.55,Keppel Volt,0.1,0.066666667,0.034482759,0.034482759,0.034482759,0.034482759,0,0,0,0,0,0,0,0,0,0.034482759,0,0,0,0,0,0,0,0,0,0,0,0,0,0,0,0,0.448275862,0.689655172,0.724137931,0.620689655,0.586206897,0.551724138,0.5,0.5,0.566666667,0.5,0.6,0.533333333,0.5,0.533333333,0.4,0.333333333,0.5,0.5,0.6,0.655172414,0.586206897,0.482758621,0.413793103,0.310344828,0.206896552,0.333333333,0.366666667,0.366666667,0.333333333,0.333333333,0.333333333,0.3,0.4,0.366666667,0.379310345,0.172413793,0.275862069,0.275862069,0.310344828,0.3,0.733333333,1.064516129,1.129032258,1.225806452,1.258064516,1.129032258,1.161290323,1.193548387,0.870967742,0.870967742,0.7,0.566666667,0.2,0.2,0.233333333,0.166666667,0.133333333,0.066666667,0.033333333,0.066666667,0.1,0.1,0.066666667,0.1,1.258064516,2,19:00
JTC Summit,AC,22,1.3311045,103.741884,2,0.59,CDGE,0,0,0,0,0,0,0,0,0,0,0,0,0,0,0,0,0,0,0,0,0,0,0,0,0,0,0,0,0,0,0,0,0,0,0,0,0,0,0,0,0,0,0,0,0,0,0,0,0,0,0,0,0,0,0,0,0,0,0,0,0,0,0,0,0,0,0,0,0,0,0,0,0,0,0,0,0,0,0,0,0,0,0,0,0,0,0,0,0,0,0,0,0,0,0,0,0,2,0:00
Jurong Point 1,AC,22,1.339768,103.706732,2,0.53,Keppel Volt,0.066666667,0.066666667,0.068965517,0.034482759,0.034482759,0.034482759,0.034482759,0.034482759,0.034482759,0.034482759,0.034482759,0.034482759,0.034482759,0,0,0,0,0,0,0,0,0,0,0,0,0,0,0,0,0,0,0,0,0,0.034482759,0.068965517,0.068965517,0.103448276,0.1,0.1,0.133333333,0.1,0.1,0.1,0.1,0.166666667,0.233333333,0.233333333,0.266666667,0.266666667,0.3,0.482758621,0.448275862,0.517241379,0.551724138,0.413793103,0.413793103,0.333333333,0.333333333,0.233333333,0.233333333,0.166666667,0.1,0.1,0.066666667,0.166666667,0.206896552,0.206896552,0.24137931,0.275862069,0.206896552,0.233333333,0.333333333,0.35483871,0.387096774,0.451612903,0.548387097,0.580645161,0.64516129,0.64516129,0.483870968,0.483870968,0.533333333,0.5,0.333333333,0.3,0.233333333,0.2,0.066666667,0.066666667,0.033333333,0.033333333,0.066666667,0.1,0.1,0.1,0.64516129,2,19:30
Jurong Point 2,AC,22,1.340019,103.707018,2,0.53,Keppel Volt,0.1,0.066666667,0.068965517,0.068965517,0.068965517,0.068965517,0.068965517,0.034482759,0.034482759,0.034482759,0,0,0,0,0,0,0,0,0,0,0,0,0,0,0,0,0,0,0,0,0,0,0,0.034482759,0.068965517,0.103448276,0.103448276,0.103448276,0.066666667,0.1,0.1,0.066666667,0.133333333,0.333333333,0.5,0.533333333,0.566666667,0.433333333,0.566666667,0.566666667,0.733333333,0.862068966,0.965517241,1.068965517,1.103448276,0.827586207,0.689655172,0.6,0.5,0.6,0.5,0.533333333,0.633333333,0.5,0.566666667,0.533333333,0.413793103,0.344827586,0.482758621,0.482758621,0.482758621,0.566666667,0.733333333,0.709677419,0.64516129,0.677419355,0.709677419,0.838709677,0.935483871,0.870967742,0.935483871,0.774193548,0.7,0.7,0.533333333,0.366666667,0.3,0.233333333,0.2,0.166666667,0.166666667,0.133333333,0.133333333,0.133333333,0.133333333,0.133333333,1.103448276,2,13:30
Kaki Bukit Autohub,DC,120,1.33622983,103.9001473,2,0.64,CDGE,0.033333333,0.033333333,0.034482759,0.068965517,0.068965517,0.137931034,0.275862069,0.448275862,0.448275862,0.379310345,0.206896552,0.137931034,0.103448276,0.034482759,0.034482759,0,0.034482759,0,0,0,0,0,0,0,0,0,0.034482759,0,0,0,0,0,0,0.034482759,0.034482759,0.068965517,0.206896552,0.206896552,0.3,0.233333333,0.066666667,0.166666667,0.166666667,0.2,0.3,0.2,0.133333333,0.2,0.166666667,0.133333333,0.1,0.172413793,0.206896552,0.275862069,0.172413793,0.137931034,0.172413793,0.133333333,0.233333333,0.3,0.4,0.333333333,0.433333333,0.366666667,0.433333333,0.4,0.206896552,0.206896552,0.172413793,0.275862069,0.172413793,0.166666667,0.2,0.193548387,0.129032258,0.064516129,0.032258065,0.032258065,0.064516129,0,0,0,0,0.1,0.166666667,0.3,0.3,0.266666667,0.2,0.1,0.166666667,0.2,0.2,0.133333333,0.066666667,0.033333333,0.448275862,2,1:45
Keppel DHCS Woodlands (Private Use),AC,22,1.433351,103.767146,1,0.53,Keppel Volt,0.033333333,0.033333333,0.034482759,0.034482759,0.034482759,0.034482759,0.034482759,0.034482759,0.034482759,0.034482759,0,0,0,0,0,0,0,0,0,0,0,0,0,0,0,0,0,0,0,0,0,0,0,0,0,0,0,0,0,0,0,0,0,0,0,0,0,0,0,0,0,0,0,0,0,0,0,0,0,0,0,0,0,0,0,0,0,0,0,0,0,0,0,0,0,0,0,0,0,0,0,0,0,0,0.033333333,0.033333333,0.033333333,0.033333333,0.033333333,0.033333333,0.033333333,0.033333333,0.033333333,0.033333333,0.033333333,0.033333333,0.034482759,1,0:30
KI @ Changi,AC,7,1.34406,103.967592,3,0.3,Keppel Volt,0.433333333,0.433333333,0.448275862,0.482758621,0.482758621,0.482758621,0.482758621,0.482758621,0.517241379,0.482758621,0.448275862,0.448275862,0.413793103,0.413793103,0.379310345,0.344827586,0.310344828,0.310344828,0.275862069,0.275862069,0.275862069,0.24137931,0.172413793,0.137931034,0.068965517,0.103448276,0.103448276,0.137931034,0.137931034,0.24137931,0.24137931,0.24137931,0.24137931,0.206896552,0.172413793,0.172413793,0.137931034,0.137931034,0.133333333,0.1,0.066666667,0.1,0.066666667,0.033333333,0.033333333,0,0.066666667,0.1,0.066666667,0.066666667,0.066666667,0.068965517,0.068965517,0.034482759,0.068965517,0.068965517,0.068965517,0.133333333,0.166666667,0.133333333,0.133333333,0.133333333,0.2,0.2,0.266666667,0.233333333,0.172413793,0.137931034,0.137931034,0.206896552,0.310344828,0.3,0.3,0.290322581,0.322580645,0.35483871,0.35483871,0.322580645,0.35483871,0.290322581,0.193548387,0.193548387,0.2,0.166666667,0.166666667,0.166666667,0.133333333,0.1,0.1,0.1,0.1,0.133333333,0.2,0.333333333,0.4,0.433333333,0.517241379,3,2:00
Link @ AMK,AC,22,1.386181,103.844954,1,0.53,Keppel Volt,0,0,0,0,0,0,0,0,0,0,0,0,0,0,0,0,0,0,0,0,0,0,0,0,0,0,0,0,0,0,0,0,0,0,0,0,0,0,0,0.033333333,0.066666667,0.066666667,0.066666667,0.066666667,0.066666667,0.066666667,0.166666667,0.166666667,0.166666667,0.166666667,0.166666667,0.206896552,0.24137931,0.275862069,0.344827586,0.344827586,0.275862069,0.233333333,0.233333333,0.266666667,0.266666667,0.2,0.2,0.166666667,0.166666667,0.133333333,0.137931034,0.137931034,0.137931034,0.103448276,0.103448276,0.1,0.033333333,0.032258065,0,0,0,0.064516129,0.161290323,0.161290323,0.161290323,0.161290323,0.166666667,0.166666667,0.133333333,0.066666667,0,0,0,0,0,0,0,0,0,0,0.344827586,1,13:30
Link @ AMK,AC,11,1.386081,103.844954,2,0.53,Keppel Volt,0,0,0,0,0,0,0,0,0,0,0,0,0,0,0,0,0,0,0,0,0,0,0,0,0,0,0,0,0,0,0,0,0,0,0,0.034482759,0.103448276,0.137931034,0.133333333,0.133333333,0.133333333,0.166666667,0.2,0.2,0.2,0.233333333,0.3,0.266666667,0.3,0.333333333,0.333333333,0.344827586,0.379310345,0.379310345,0.379310345,0.413793103,0.413793103,0.366666667,0.366666667,0.333333333,0.3,0.3,0.3,0.3,0.333333333,0.333333333,0.310344828,0.275862069,0.24137931,0.24137931,0.206896552,0.166666667,0.066666667,0.064516129,0.064516129,0.064516129,0.064516129,0.032258065,0.032258065,0.032258065,0.032258065,0.032258065,0.033333333,0,0,0,0,0,0,0,0,0,0,0,0,0,0.413793103,2,13:45
Link @ AMK,DC,30,1.386281,103.844954,1,0.6,Keppel Volt,0,0,0,0,0,0,0,0,0,0,0,0,0,0,0,0,0,0,0,0,0,0,0,0,0,0,0,0,0.034482759,0.068965517,0.034482759,0,0,0,0.034482759,0.034482759,0,0,0.066666667,0.1,0.1,0.033333333,0.033333333,0.066666667,0.1,0.133333333,0.066666667,0.033333333,0,0.033333333,0.033333333,0,0,0,0,0,0,0,0,0.033333333,0.066666667,0.066666667,0.066666667,0.133333333,0.133333333,0.066666667,0.034482759,0.034482759,0,0,0,0,0,0.032258065,0.032258065,0.032258065,0.032258065,0.064516129,0.064516129,0.032258065,0.064516129,0.032258065,0,0,0.033333333,0.033333333,0.033333333,0,0,0,0,0,0,0,0,0,0.133333333,1,11:15
LKC School of Medicine,AC,3.7,1.321851,103.848981,1,3 per hour,Shell,0,0,0,0,0,0,0,0,0,0,0,0,0,0,0,0,0,0,0,0,0,0,0,0,0,0,0,0,0,0,0,0.137931034,0.172413793,0.172413793,0.275862069,0.310344828,0.344827586,0.357142857,0.379310345,0.366666667,0.333333333,0.333333333,0.333333333,0.333333333,0.344827586,0.333333333,0.3,0.3,0.266666667,0.233333333,0.233333333,0.206896552,0.206896552,0.206896552,0.172413793,0.172413793,0.172413793,0.166666667,0.166666667,0.2,0.2,0.2,0.233333333,0.233333333,0.233333333,0.233333333,0.24137931,0.206896552,0.206896552,0.214285714,0.142857143,0.1,0.1,0.096774194,0.064516129,0.064516129,0.064516129,0.064516129,0.064516129,0.064516129,0.064516129,0.064516129,0.066666667,0.033333333,0.033333333,0.033333333,0.033333333,0.033333333,0.033333333,0.033333333,0.033333333,0.033333333,0,0,0,0,0.379310345,1,9:30
Mackenzie Road B,AC,22,1.30638,103.84703,2,0.59,CDGE,0,0,0,0,0,0,0,0,0,0,0,0,0,0,0,0,0,0,0,0,0,0,0,0,0,0,0,0,0,0,0,0,0,0,0.083333333,0.083333333,0.083333333,0.083333333,0.083333333,0.083333333,0.083333333,0.083333333,0.083333333,0.083333333,0.083333333,0.083333333,0,0,0,0,0,0,0,0,0,0,0,0,0,0,0,0.076923077,0.076923077,0.076923077,0.153846154,0.076923077,0.083333333,0,0,0,0,0,0,0,0,0,0,0,0,0,0,0,0,0,0,0,0,0.076923077,0,0,0,0,0,0,0,0,0.153846154,2,16:00
Mackenzie Road B,DC,50,1.30628,103.84703,2,0.64,CDGE,0,0,0,0,0,0,0,0,0,0,0,0,0,0,0,0,0,0,0,0,0,0,0,0,0,0,0,0,0,0,0,0,0,0,0,0,0,0,0,0.083333333,0.083333333,0,0,0,0,0,0,0,0,0,0,0,0,0,0.083333333,0,0,0,0,0,0,0,0,0,0.307692308,0.307692308,0.333333333,0.083333333,0.181818182,0.090909091,0,0,0.083333333,0,0.153846154,0,0,0.076923077,0.076923077,0.076923077,0.076923077,0,0,0,0,0,0,0,0,0,0,0,0.076923077,0.076923077,0,0,0.333333333,2,16:30
Marina Bay Financial Centre Tower 1,AC,22,1.280271,103.854311,2,0.3,Keppel Volt,0.033333333,0.033333333,0,0,0,0,0,0,0,0,0,0,0,0,0,0,0,0,0,0,0,0,0,0,0,0,0,0,0,0.068965517,0.068965517,0.068965517,0.068965517,0.172413793,0.206896552,0.24137931,0.310344828,0.379310345,0.366666667,0.433333333,0.5,0.533333333,0.466666667,0.4,0.4,0.366666667,0.333333333,0.3,0.333333333,0.266666667,0.233333333,0.172413793,0.137931034,0.206896552,0.103448276,0.137931034,0.206896552,0.166666667,0.2,0.2,0.2,0.266666667,0.3,0.3,0.3,0.266666667,0.24137931,0.24137931,0.137931034,0.172413793,0.103448276,0.133333333,0.166666667,0.161290323,0.129032258,0.129032258,0.161290323,0.161290323,0.129032258,0.129032258,0.129032258,0.032258065,0.033333333,0.033333333,0.033333333,0.033333333,0.033333333,0.066666667,0.066666667,0.033333333,0.033333333,0.033333333,0.033333333,0.033333333,0.033333333,0.033333333,0.533333333,2,10:15
Marina Bay Financial Centre Tower 2,AC,22,1.279714,103.853839,2,0.3,Keppel Volt,0.066666667,0.066666667,0,0,0,0,0,0,0,0,0,0,0,0,0,0,0,0,0,0,0,0,0,0,0,0,0,0.034482759,0.068965517,0.068965517,0.068965517,0.137931034,0.379310345,0.586206897,0.724137931,0.793103448,0.75862069,0.793103448,0.8,0.7,0.6,0.5,0.433333333,0.266666667,0.2,0.2,0.2,0.3,0.3,0.3,0.233333333,0.172413793,0.24137931,0.379310345,0.448275862,0.551724138,0.448275862,0.433333333,0.466666667,0.433333333,0.4,0.4,0.366666667,0.333333333,0.333333333,0.333333333,0.310344828,0.206896552,0.24137931,0.206896552,0.24137931,0.266666667,0.266666667,0.258064516,0.225806452,0.193548387,0.193548387,0.129032258,0.129032258,0.129032258,0.161290323,0.129032258,0.133333333,0.2,0.133333333,0.133333333,0.1,0.066666667,0.066666667,0.066666667,0.1,0.1,0.1,0.066666667,0.066666667,0.066666667,0.8,2,9:30
Marina Bay Financial Centre Tower 3,AC,22,1.279242,103.854483,2,0.3,Keppel Volt,0,0,0,0,0,0,0,0,0,0,0,0,0,0,0,0,0,0,0,0,0,0,0,0,0,0,0,0,0,0,0,0,0.103448276,0.103448276,0.137931034,0.137931034,0.24137931,0.24137931,0.333333333,0.333333333,0.366666667,0.4,0.433333333,0.3,0.333333333,0.266666667,0.2,0.233333333,0.233333333,0.2,0.166666667,0.137931034,0.068965517,0.103448276,0.103448276,0.172413793,0.172413793,0.233333333,0.166666667,0.166666667,0.2,0.233333333,0.266666667,0.266666667,0.266666667,0.266666667,0.24137931,0.206896552,0.137931034,0.137931034,0.137931034,0.1,0.1,0.096774194,0.129032258,0.129032258,0.193548387,0.193548387,0.193548387,0.161290323,0.096774194,0.096774194,0.033333333,0.066666667,0.066666667,0.066666667,0.033333333,0.033333333,0.033333333,0,0,0,0,0,0,0,0.433333333,2,10:30
Marina Bay Financial Centre Tower 3 (DC Charging),DC,30,1.278963,103.854515,1,0.5,Keppel Volt,0,0,0,0,0,0,0,0,0,0,0,0,0,0,0,0,0,0,0,0,0,0,0,0,0,0,0,0.034482759,0.034482759,0.034482759,0.034482759,0.034482759,0.034482759,0.034482759,0.034482759,0.034482759,0.103448276,0.172413793,0.133333333,0.133333333,0.2,0.2,0.2,0.133333333,0.033333333,0.066666667,0.066666667,0.066666667,0.066666667,0.066666667,0.066666667,0.068965517,0.068965517,0.034482759,0.034482759,0.034482759,0.034482759,0.066666667,0.033333333,0.033333333,0.033333333,0.066666667,0.066666667,0.066666667,0.066666667,0.033333333,0,0,0.034482759,0.034482759,0.034482759,0.033333333,0.033333333,0.032258065,0,0,0,0.064516129,0.064516129,0.064516129,0.064516129,0.096774194,0.033333333,0.033333333,0.033333333,0,0,0,0,0,0,0,0,0,0,0,0.2,1,10:00
Mondrian Singapore Duxton Hotel,DC,30,1.278759,103.842711,2,0.64,CDGE,0,0,0,0,0,0,0,0,0,0,0,0,0,0,0,0,0,0,0,0,0,0,0,0,0,0,0,0,0,0,0,0,0,0,0,0,0,0,0,0,0,0,0,0,0,0,0,0,0,0,0,0,0,0,0,0,0,0,0,0,0,0,0,0.033333333,0.033333333,0.033333333,0.034482759,0.034482759,0,0,0,0,0,0,0,0,0,0,0,0,0,0,0,0.033333333,0.033333333,0,0,0,0,0,0,0,0,0,0,0,0.034482759,2,16:30
New Tech Park,AC,22,1.351525,103.862126,2,0.6,Keppel Volt,0.133333333,0.133333333,0.103448276,0.103448276,0.103448276,0.103448276,0.103448276,0.103448276,0.103448276,0.103448276,0.068965517,0.068965517,0.068965517,0.034482759,0,0,0,0,0,0,0,0,0,0,0,0,0,0,0,0.034482759,0.137931034,0.586206897,0.724137931,0.931034483,0.965517241,0.931034483,0.931034483,0.931034483,0.9,0.833333333,0.633333333,0.6,0.6,0.6,0.633333333,0.633333333,0.533333333,0.466666667,0.4,0.366666667,0.3,0.344827586,0.379310345,0.482758621,0.448275862,0.517241379,0.517241379,0.533333333,0.533333333,0.566666667,0.566666667,0.533333333,0.433333333,0.4,0.4,0.333333333,0.310344828,0.344827586,0.379310345,0.206896552,0.24137931,0.2,0.2,0.193548387,0.225806452,0.193548387,0.161290323,0.096774194,0.096774194,0.064516129,0.096774194,0.161290323,0.133333333,0.166666667,0.133333333,0.166666667,0.166666667,0.166666667,0.133333333,0.133333333,0.133333333,0.133333333,0.133333333,0.166666667,0.133333333,0.133333333,0.965517241,2,8:30
New Tech Park,DC,30,1.351425,103.862126,2,0.53,Keppel Volt,0,0,0,0,0,0,0,0,0,0,0,0,0,0,0,0,0,0,0,0,0,0,0,0,0,0,0,0,0,0.137931034,0.206896552,0.137931034,0.103448276,0.24137931,0.137931034,0.137931034,0.24137931,0.310344828,0.333333333,0.233333333,0.166666667,0.166666667,0.2,0.133333333,0.166666667,0.166666667,0.2,0.166666667,0.166666667,0.1,0.133333333,0.068965517,0.068965517,0.068965517,0.068965517,0.103448276,0.068965517,0.1,0.133333333,0.1,0.1,0.033333333,0.066666667,0.133333333,0.133333333,0.2,0.172413793,0.206896552,0.206896552,0.172413793,0.137931034,0.066666667,0.033333333,0.032258065,0.064516129,0.032258065,0.064516129,0.096774194,0.161290323,0.258064516,0.225806452,0.193548387,0.133333333,0.133333333,0.1,0.066666667,0.066666667,0.033333333,0.033333333,0,0,0.033333333,0.033333333,0.033333333,0,0,0.333333333,2,9:30
NUS University Hall,AC,22,1.2975392,103.7773627,2,0.59,CDGE,0.033333333,0.033333333,0.034482759,0.068965517,0.034482759,0.034482759,0.034482759,0.034482759,0.034482759,0.034482759,0.034482759,0.034482759,0.034482759,0.034482759,0.034482759,0.034482759,0.034482759,0.034482759,0.034482759,0.034482759,0.034482759,0.034482759,0.034482759,0.034482759,0.034482759,0.034482759,0.034482759,0,0,0,0,0,0,0,0.034482759,0.103448276,0.137931034,0.172413793,0.133333333,0.133333333,0.133333333,0.133333333,0.166666667,0.233333333,0.233333333,0.2,0.133333333,0.133333333,0.1,0.066666667,0.066666667,0.103448276,0.172413793,0.172413793,0.172413793,0.206896552,0.24137931,0.2,0.266666667,0.233333333,0.266666667,0.266666667,0.233333333,0.233333333,0.233333333,0.266666667,0.206896552,0.206896552,0.24137931,0.206896552,0.172413793,0.166666667,0.133333333,0.161290323,0.096774194,0.096774194,0.064516129,0.064516129,0.064516129,0.032258065,0.032258065,0.032258065,0.033333333,0.033333333,0.066666667,0.066666667,0.033333333,0.033333333,0.033333333,0.033333333,0.066666667,0.033333333,0.033333333,0.033333333,0.033333333,0.033333333,0.266666667,2,14:30
NUS University Hall,DC,120,1.2974392,103.7773627,2,0.64,CDGE,0.066666667,0.1,0.103448276,0.137931034,0.137931034,0.137931034,0.103448276,0.068965517,0.137931034,0.103448276,0.103448276,0.103448276,0.137931034,0.137931034,0.137931034,0.137931034,0.172413793,0.103448276,0.103448276,0.103448276,0.137931034,0.103448276,0.103448276,0.068965517,0.068965517,0.034482759,0,0,0,0,0.034482759,0.068965517,0.068965517,0.034482759,0.034482759,0.137931034,0.137931034,0.172413793,0.233333333,0.3,0.5,0.433333333,0.4,0.333333333,0.366666667,0.333333333,0.333333333,0.3,0.266666667,0.233333333,0.2,0.24137931,0.24137931,0.275862069,0.344827586,0.344827586,0.379310345,0.4,0.366666667,0.5,0.566666667,0.366666667,0.333333333,0.333333333,0.366666667,0.433333333,0.413793103,0.275862069,0.24137931,0.379310345,0.379310345,0.3,0.333333333,0.225806452,0.193548387,0.129032258,0.064516129,0.096774194,0.064516129,0.096774194,0.161290323,0.193548387,0.133333333,0.066666667,0.1,0.166666667,0.2,0.133333333,0.133333333,0.133333333,0.133333333,0.2,0.233333333,0.2,0.133333333,0.1,0.566666667,2,15:00
One Fullerton,AC,3.7,1.2856337,103.8539173,1,3 per hour,Shell,0,0,0,0,0,0,0,0,0,0,0,0,0,0,0,0,0,0,0,0,0,0,0,0,0,0,0,0,0,0,0,0,0,0,0.055555556,0.055555556,0.055555556,0.055555556,0.052631579,0.052631579,0.105263158,0.105263158,0.105263158,0.105263158,0.105263158,0.157894737,0.052631579,0.052631579,0.111111111,0.157894737,0.157894737,0.157894737,0.157894737,0.157894737,0.157894737,0.210526316,0.210526316,0.15,0.15,0.15,0.1,0.1,0.1,0.15,0.105263158,0.105263158,0.055555556,0.055555556,0.055555556,0.055555556,0.055555556,0.105263158,0.210526316,0.2,0.15,0.15,0.15,0.15,0.15,0.2,0.2,0.15,0.105263158,0.105263158,0.105263158,0.105263158,0.052631579,0.052631579,0.052631579,0.052631579,0,0,0,0,0,0,0.210526316,1,13:45
One Marina Boulevard (NTUC Centre),AC,22,1.282369,103.852618,2,0.53,Keppel Volt,0,0,0,0,0,0,0,0,0,0,0,0,0,0,0,0,0,0,0,0,0,0,0,0,0,0,0,0,0,0,0,0.034482759,0.034482759,0.034482759,0.068965517,0.137931034,0.24137931,0.344827586,0.566666667,0.633333333,0.666666667,0.666666667,0.7,0.7,0.7,0.7,0.7,0.6,0.566666667,0.466666667,0.333333333,0.310344828,0.24137931,0.206896552,0.172413793,0.206896552,0.172413793,0.166666667,0.233333333,0.233333333,0.233333333,0.233333333,0.233333333,0.233333333,0.233333333,0.233333333,0.206896552,0.24137931,0.137931034,0.172413793,0.172413793,0.2,0.2,0.161290323,0.064516129,0.064516129,0.064516129,0.064516129,0.064516129,0.064516129,0.064516129,0.032258065,0.033333333,0.033333333,0,0,0,0,0,0,0,0,0,0,0,0,0.7,2,10:30
One Raffles Quay,AC,3.7,1.2810983939449276,103.85207903385162,1,3 per hour,Shell,0,0,0,0,0,0,0,0,0,0,0,0,0,0,0,0,0,0,0,0,0,0,0,0,0,0,0,0,0,0,0,0,0,0.034482759,0.034482759,0.034482759,0.034482759,0.035714286,0.1,0.1,0.1,0.1,0.1,0.1,0.103448276,0.1,0.133333333,0.133333333,0.133333333,0.133333333,0.133333333,0.137931034,0.137931034,0.137931034,0.137931034,0.137931034,0.137931034,0.133333333,0.133333333,0.133333333,0.1,0.1,0.1,0.1,0.133333333,0.133333333,0.068965517,0.068965517,0.071428571,0.068965517,0.068965517,0,0,0,0,0,0,0,0,0,0,0,0,0,0,0,0,0,0,0,0,0,0,0,0,0,0.137931034,1,12:45
One Shenton,AC,3.7,1.279634,103.850666,1,2 per hour,Shell,0.266666667,0.266666667,0.206896552,0.206896552,0.206896552,0.206896552,0.206896552,0.206896552,0.206896552,0.206896552,0.206896552,0.206896552,0.206896552,0.206896552,0.206896552,0.206896552,0.214285714,0.206896552,0.206896552,0.206896552,0.206896552,0.206896552,0.206896552,0.206896552,0.206896552,0.206896552,0.206896552,0.206896552,0.172413793,0.172413793,0.172413793,0.172413793,0.206896552,0.206896552,0.206896552,0.24137931,0.310344828,0.392857143,0.379310345,0.333333333,0.366666667,0.366666667,0.366666667,0.366666667,0.366666667,0.366666667,0.366666667,0.366666667,0.366666667,0.366666667,0.366666667,0.379310345,0.379310345,0.413793103,0.413793103,0.379310345,0.413793103,0.433333333,0.433333333,0.433333333,0.433333333,0.433333333,0.433333333,0.433333333,0.433333333,0.433333333,0.448275862,0.448275862,0.428571429,0.448275862,0.448275862,0.433333333,0.333333333,0.193548387,0.225806452,0.225806452,0.193548387,0.161290323,0.161290323,0.129032258,0.129032258,0.161290323,0.166666667,0.133333333,0.1,0.1,0.1,0.166666667,0.166666667,0.166666667,0.166666667,0.2,0.233333333,0.2,0.233333333,0.266666667,0.448275862,1,16:30
Our Tampines Hub (OTH) - DC,DC,120,1.3519741,103.9403268,4,0.64,CDGE,0.566666667,0.533333333,0.551724138,0.482758621,0.448275862,0.413793103,0.482758621,0.344827586,0.344827586,0.310344828,0.344827586,0.310344828,0.379310345,0.310344828,0.379310345,0.448275862,0.448275862,0.379310345,0.344827586,0.310344828,0.24137931,0.310344828,0.413793103,0.310344828,0.379310345,0.24137931,0.275862069,0.413793103,0.413793103,0.448275862,0.448275862,0.586206897,0.448275862,0.448275862,0.413793103,0.482758621,0.724137931,1.137931034,1.266666667,1.1,1.5,1.466666667,1.4,1.266666667,1.2,1.133333333,1.333333333,1.2,1.233333333,1.366666667,1.5,1.655172414,1.655172414,1.551724138,1.655172414,1.655172414,1.655172414,1.466666667,1.266666667,1.266666667,1.133333333,1.2,1.366666667,1.6,1.633333333,1.666666667,1.655172414,1.482758621,1.379310345,1.172413793,1.172413793,0.9,0.833333333,0.806451613,1.032258065,0.774193548,0.838709677,0.64516129,0.870967742,1.032258065,1.032258065,0.935483871,0.833333333,0.766666667,0.633333333,0.6,0.466666667,0.633333333,0.5,0.5,0.566666667,0.833333333,0.966666667,1,0.833333333,0.6,1.666666667,4,16:15
Parkway Parade,AC,22,1.301305,103.905134,5,0.53,Keppel Volt,0,0,0,0,0,0,0,0,0,0,0,0,0,0,0,0,0,0,0,0,0,0,0,0,0,0,0,0,0,0,0,0,0.034482759,0.172413793,0.206896552,0.344827586,0.862068966,1.034482759,1.066666667,1.266666667,1.333333333,1.4,1.566666667,1.433333333,1.433333333,1.566666667,1.533333333,1.4,1.366666667,1.4,1.566666667,1.517241379,1.379310345,1.448275862,1.206896552,1.344827586,1.379310345,1.433333333,1.366666667,1.3,1.133333333,1.066666667,0.966666667,1,1,0.8,0.75862069,0.862068966,0.689655172,0.517241379,0.448275862,0.466666667,0.433333333,0.516129032,0.709677419,0.806451613,0.935483871,0.935483871,1,1.032258065,0.870967742,0.709677419,0.533333333,0.466666667,0.3,0.233333333,0.166666667,0.1,0.033333333,0,0,0,0,0,0,0,1.566666667,5,10:30
Parkway Parade,DC,30,1.301205,103.905134,3,0.6,Keppel Volt,0,0,0,0,0,0,0,0,0,0,0,0,0,0,0,0,0,0,0,0,0,0,0,0,0,0,0,0,0,0,0.034482759,0.034482759,0.034482759,0.034482759,0.034482759,0,0.034482759,0.137931034,0.166666667,0.266666667,0.466666667,0.4,0.366666667,0.3,0.433333333,0.533333333,0.533333333,0.5,0.533333333,0.6,0.533333333,0.517241379,0.517241379,0.620689655,0.586206897,0.448275862,0.620689655,0.7,0.666666667,0.733333333,0.766666667,0.633333333,0.633333333,0.666666667,0.533333333,0.566666667,0.620689655,0.448275862,0.620689655,0.586206897,0.482758621,0.433333333,0.466666667,0.387096774,0.451612903,0.387096774,0.35483871,0.516129032,0.483870968,0.483870968,0.64516129,0.580645161,0.6,0.466666667,0.366666667,0.233333333,0.166666667,0.066666667,0.033333333,0.033333333,0.033333333,0,0,0,0,0,0.766666667,3,15:00
Perennial Business City,AC,22,1.331987,103.744747,20,0.35,Keppel Volt,0.1,0.133333333,0.103448276,0.068965517,0.137931034,0.137931034,0.137931034,0.206896552,0.206896552,0.206896552,0.206896552,0.24137931,0.275862069,0.206896552,0.275862069,0.24137931,0.24137931,0.172413793,0.172413793,0.137931034,0.103448276,0.103448276,0.103448276,0.137931034,0.068965517,0.034482759,0.034482759,0.275862069,0.344827586,0.413793103,0.517241379,0.586206897,0.724137931,0.689655172,0.724137931,0.724137931,1,1.172413793,1.533333333,1.966666667,2.133333333,2.566666667,2.966666667,3.433333333,3.566666667,3.5,3.5,3.466666667,3.5,3.4,3.133333333,2.793103448,2.75862069,2.379310345,2.344827586,2.206896552,2.137931034,1.966666667,1.833333333,1.9,1.733333333,1.466666667,1.333333333,1.2,1.233333333,1,1.034482759,0.827586207,0.724137931,0.896551724,0.896551724,1.066666667,1.2,1.290322581,1.35483871,1.483870968,1.580645161,1.612903226,1.322580645,1.225806452,1.129032258,1,0.933333333,0.8,0.6,0.533333333,0.466666667,0.433333333,0.4,0.333333333,0.266666667,0.233333333,0.166666667,0.2,0.166666667,0.1,3.566666667,20,11:00
PML Showroom Alexandra,AC,3.7,1.290429949760437,103.80741119384766,1,2,Shell,0,0,0,0,0,0,0,0,0,0,0,0,0,0,0,0,0,0,0,0,0,0,0,0,0,0,0,0,0,0,0,0.068965517,0.068965517,0.074074074,0.142857143,0.142857143,0.148148148,0.107142857,0.066666667,0.071428571,0.037037037,0,0.137931034,0.071428571,0.107142857,0.206896552,0.296296296,0.392857143,0.448275862,0.551724138,0.533333333,0.586206897,0.535714286,0.407407407,0.392857143,0.25,0.259259259,0.103448276,0.068965517,0.1,0.103448276,0.068965517,0.172413793,0.2,0.133333333,0.142857143,0.142857143,0.068965517,0.038461538,0.037037037,0.035714286,0.034482759,0.066666667,0.064516129,0.064516129,0.064516129,0.064516129,0.066666667,0.066666667,0.064516129,0.064516129,0,0,0,0,0,0,0,0,0.034482759,0.033333333,0.033333333,0.033333333,0,0,0,0.586206897,1,12:45
PML Showroom Alexandra,AC,7.4,1.29032995,103.80741119384766,1,2,Shell,0,0,0,0,0,0,0,0,0,0,0,0,0,0,0,0,0,0,0,0,0,0,0,0,0,0,0,0.172413793,0.137931034,0.137931034,0.137931034,0.137931034,0.137931034,0.137931034,0.137931034,0.137931034,0.137931034,0.142857143,0.172413793,0.166666667,0.2,0.233333333,0.266666667,0.333333333,0.4,0.466666667,0.466666667,0.466666667,0.466666667,0.433333333,0.4,0.275862069,0.206896552,0.206896552,0.214285714,0.24137931,0.24137931,0.133333333,0.133333333,0.133333333,0.2,0.233333333,0.3,0.266666667,0.3,0.3,0.275862069,0.24137931,0.172413793,0.206896552,0.103448276,0.1,0.066666667,0.129032258,0.129032258,0.064516129,0.032258065,0,0,0,0,0,0,0,0,0,0,0,0,0,0,0,0,0,0,0,0.466666667,1,11:15
Sakae Building,AC,22,1.335209,103.889428,4,0.53,Keppel Volt,0.133333333,0.133333333,0.068965517,0.068965517,0.068965517,0,0,0,0,0,0,0,0,0,0,0,0,0,0,0,0,0,0,0,0,0,0,0,0,0,0,0,0,0.068965517,0.068965517,0.068965517,0.068965517,0.068965517,0.066666667,0.066666667,0.133333333,0.066666667,0.133333333,0.2,0.266666667,0.266666667,0.266666667,0.266666667,0.266666667,0.266666667,0.266666667,0.275862069,0.275862069,0.275862069,0.275862069,0.206896552,0.206896552,0.266666667,0.266666667,0.333333333,0.266666667,0.2,0.066666667,0.066666667,0.133333333,0.133333333,0.137931034,0.137931034,0.137931034,0.137931034,0.137931034,0.133333333,0.066666667,0.064516129,0.129032258,0.129032258,0.258064516,0.258064516,0.258064516,0.258064516,0.258064516,0.258064516,0.333333333,0.266666667,0.333333333,0.333333333,0.333333333,0.4,0.333333333,0.333333333,0.333333333,0.333333333,0.2,0.266666667,0.2,0.133333333,0.4,4,21:45
Sakae Building,DC,30,1.335109,103.889428,1,0.6,Keppel Volt,0.1,0.066666667,0.068965517,0.034482759,0.034482759,0,0,0,0,0,0,0,0,0,0,0,0,0,0,0,0,0,0,0,0,0,0,0,0,0,0,0,0,0,0,0,0,0,0,0,0,0.033333333,0.033333333,0,0,0,0,0,0,0.033333333,0.066666667,0.068965517,0.034482759,0.068965517,0.103448276,0.103448276,0.103448276,0.066666667,0.033333333,0,0.033333333,0.066666667,0.066666667,0.033333333,0.033333333,0.033333333,0.034482759,0.034482759,0.034482759,0,0.034482759,0.033333333,0,0,0.064516129,0.096774194,0.064516129,0,0.032258065,0.032258065,0,0,0,0,0,0,0,0,0,0.033333333,0.033333333,0.033333333,0.033333333,0.033333333,0.1,0.1,0.103448276,1,13:30
SIM Management House,DC,120,1.325996,103.800062,2,0.64,CDGE,0,0,0,0,0,0,0,0,0,0,0,0,0,0,0,0,0,0,0,0,0,0,0,0,0,0,0,0,0,0,0,0,0,0,0,0,0,0,0,0,0.033333333,0,0.033333333,0.066666667,0.033333333,0,0,0.1,0.033333333,0.033333333,0.066666667,0.103448276,0.137931034,0.103448276,0.068965517,0.172413793,0.24137931,0.2,0.166666667,0.1,0.1,0.066666667,0.066666667,0.033333333,0.033333333,0,0.068965517,0.103448276,0.034482759,0.034482759,0,0,0,0,0,0,0,0,0,0,0,0,0,0,0,0.033333333,0.1,0.133333333,0.1,0,0,0,0,0,0,0,0.24137931,2,14:00
Sin Ming AutoCare,DC,100,1.3610629,103.8402837,2,0.64,CDGE,0,0,0,0,0,0,0,0,0,0,0,0,0,0,0,0,0,0,0,0,0,0,0,0,0,0,0,0,0,0.034482759,0,0,0,0,0,0,0,0.034482759,0.066666667,0.066666667,0.033333333,0,0,0.1,0.166666667,0.133333333,0.066666667,0.033333333,0.033333333,0,0.066666667,0.103448276,0.103448276,0.137931034,0.172413793,0.172413793,0.137931034,0.066666667,0.033333333,0.133333333,0.133333333,0.133333333,0.2,0.066666667,0.033333333,0.033333333,0.137931034,0.206896552,0.137931034,0.103448276,0.103448276,0.1,0.066666667,0.096774194,0.064516129,0.096774194,0.032258065,0.032258065,0.032258065,0,0.032258065,0.032258065,0.033333333,0,0.033333333,0,0,0.033333333,0.066666667,0.033333333,0,0,0,0.033333333,0.033333333,0.033333333,0.206896552,2,16:45
Sin Ming AutoCity,DC,120,1.3592499,103.8394304,2,0.64,CDGE,0,0,0,0,0.034482759,0.034482759,0.068965517,0.034482759,0.068965517,0.103448276,0.068965517,0.068965517,0,0,0,0,0,0,0.034482759,0,0,0,0,0,0,0,0.068965517,0.034482759,0,0.034482759,0.103448276,0.103448276,0.068965517,0.068965517,0.24137931,0.310344828,0.206896552,0.034482759,0.066666667,0.133333333,0.233333333,0.133333333,0.166666667,0.166666667,0.166666667,0.2,0.166666667,0.1,0.166666667,0.166666667,0.133333333,0.172413793,0.24137931,0.206896552,0.172413793,0.344827586,0.344827586,0.366666667,0.275862069,0.266666667,0.4,0.3,0.4,0.266666667,0.166666667,0.266666667,0.275862069,0.551724138,0.413793103,0.344827586,0.379310345,0.233333333,0.3,0.225806452,0.290322581,0.35483871,0.419354839,0.258064516,0.258064516,0.322580645,0.387096774,0.516129032,0.533333333,0.3,0.466666667,0.366666667,0.5,0.5,0.4,0.333333333,0.166666667,0.066666667,0.166666667,0.166666667,0.1,0.1,0.551724138,2,16:45
Singapore Botanic Garden Cluny Park Road Car Park,DC,120,1.32022,103.814626,2,0.64,CDGE,0,0,0,0,0,0,0,0,0,0,0,0,0,0,0,0,0,0,0,0,0,0,0,0,0,0.034482759,0.034482759,0.034482759,0.034482759,0.034482759,0.068965517,0.034482759,0.034482759,0.068965517,0.034482759,0.034482759,0.034482759,0.172413793,0.266666667,0.1,0.1,0.066666667,0.066666667,0.133333333,0.133333333,0.2,0.233333333,0.166666667,0.133333333,0.166666667,0.133333333,0.137931034,0.137931034,0.103448276,0.172413793,0.103448276,0.172413793,0.206896552,0.166666667,0.133333333,0.2,0.166666667,0.233333333,0.166666667,0.133333333,0.2,0.137931034,0.172413793,0.137931034,0.034482759,0.103448276,0.133333333,0.1,0.064516129,0.032258065,0.064516129,0.064516129,0.129032258,0.032258065,0,0.032258065,0.032258065,0,0,0.033333333,0.033333333,0.033333333,0.066666667,0.033333333,0.066666667,0.033333333,0.033333333,0,0,0,0,0.266666667,2,9:30
Singapore Institute of Management (SIM),AC,22,1.3292163,103.7769496,2,0.59,CDGE,0.033333333,0.033333333,0.034482759,0.034482759,0.034482759,0.034482759,0.034482759,0.034482759,0.034482759,0.034482759,0.034482759,0.034482759,0.034482759,0.034482759,0.034482759,0.034482759,0.034482759,0.034482759,0.034482759,0.034482759,0.034482759,0.034482759,0.034482759,0.034482759,0.034482759,0.034482759,0.034482759,0.034482759,0.034482759,0.034482759,0.034482759,0.068965517,0.137931034,0.206896552,0.310344828,0.379310345,0.482758621,0.620689655,0.7,0.766666667,0.8,0.833333333,0.833333333,0.8,0.866666667,0.8,0.733333333,0.633333333,0.566666667,0.533333333,0.5,0.448275862,0.482758621,0.482758621,0.517241379,0.482758621,0.551724138,0.566666667,0.566666667,0.6,0.6,0.533333333,0.5,0.533333333,0.5,0.5,0.448275862,0.379310345,0.379310345,0.379310345,0.379310345,0.233333333,0.166666667,0.129032258,0.161290323,0.129032258,0.161290323,0.129032258,0.129032258,0.129032258,0.096774194,0.096774194,0.1,0.1,0.1,0.1,0.1,0.133333333,0.133333333,0.133333333,0.066666667,0.033333333,0.033333333,0.033333333,0.033333333,0.033333333,0.866666667,2,11:00
Singapore Institute of Management (SIM),DC,100,1.3291163,103.7769496,2,0.64,CDGE,0,0,0,0,0,0,0,0,0,0,0,0,0,0,0,0,0,0,0,0,0,0,0,0,0,0,0,0,0,0,0,0,0,0,0,0.034482759,0.034482759,0.137931034,0.133333333,0.166666667,0.166666667,0.233333333,0.333333333,0.266666667,0.3,0.166666667,0.233333333,0.233333333,0.233333333,0.166666667,0.166666667,0.24137931,0.137931034,0.034482759,0.034482759,0.103448276,0.103448276,0.166666667,0.2,0.133333333,0.2,0.166666667,0.333333333,0.366666667,0.433333333,0.466666667,0.344827586,0.172413793,0.034482759,0,0,0.066666667,0.1,0.064516129,0.032258065,0.096774194,0.129032258,0.129032258,0.129032258,0.096774194,0.064516129,0.096774194,0.066666667,0.033333333,0.033333333,0.1,0.1,0.066666667,0,0,0,0,0,0,0,0,0.466666667,2,16:15
Spanish Village Condominium (Private Use),AC,11,1.314584,103.805688,2,0.53,Keppel Volt,0.866666667,0.766666667,0.689655172,0.379310345,0.24137931,0.137931034,0.172413793,0.172413793,0.172413793,0.172413793,0.172413793,0.172413793,0.137931034,0.137931034,0.103448276,0.068965517,0.068965517,0.068965517,0.068965517,0.068965517,0.068965517,0.034482759,0.034482759,0,0,0,0,0,0,0,0,0,0,0,0,0,0,0.034482759,0.066666667,0.133333333,0.133333333,0.1,0.1,0.1,0.133333333,0.166666667,0.166666667,0.166666667,0.166666667,0.2,0.2,0.206896552,0.206896552,0.137931034,0.137931034,0.068965517,0.068965517,0.066666667,0.033333333,0.066666667,0.066666667,0.033333333,0.033333333,0.033333333,0,0,0,0,0,0,0,0,0,0,0,0.032258065,0,0,0,0,0,0,0,0,0.3,0.3,0.433333333,0.566666667,0.666666667,0.7,0.766666667,0.766666667,0.8,0.833333333,0.833333333,0.866666667,0.866666667,2,0:00
Suntec City Tower 1 and 2,DC/AC,50/43,1.2961707,103.8589791,1,0.75/0.7,Shell,0.033333333,0.033333333,0.034482759,0.034482759,0.034482759,0.034482759,0.034482759,0.034482759,0.034482759,0.034482759,0.034482759,0.034482759,0.034482759,0.034482759,0.034482759,0.037037037,0.034482759,0,0,0,0,0,0,0,0,0,0,0,0,0,0,0.068965517,0.24137931,0.24137931,0.24137931,0.172413793,0.137931034,0.178571429,0.266666667,0.206896552,0.233333333,0.3,0.233333333,0.166666667,0.266666667,0.3,0.333333333,0.366666667,0.3,0.3,0.3,0.275862069,0.275862069,0.379310345,0.413793103,0.379310345,0.344827586,0.3,0.233333333,0.275862069,0.24137931,0.2,0.233333333,0.2,0.166666667,0.166666667,0.172413793,0.206896552,0.275862069,0.321428571,0.379310345,0.466666667,0.433333333,0.419354839,0.451612903,0.387096774,0.451612903,0.483870968,0.451612903,0.483870968,0.483870968,0.387096774,0.366666667,0.2,0.2,0.133333333,0.1,0.1,0.033333333,0.068965517,0.066666667,0.066666667,0.033333333,0.034482759,0,0,0.483870968,1,19:15
Suntec City Tower 1 and 2,DC,120,1.2960707,103.8589791,2,0.75,Shell,0,0,0,0,0,0,0,0,0,0,0,0,0,0,0,0,0,0,0,0,0,0,0,0,0,0,0,0,0,0,0,0.068965517,0.068965517,0.275862069,0.137931034,0.137931034,0.103448276,0.068965517,0,0,0.066666667,0.066666667,0.166666667,0.233333333,0.233333333,0.166666667,0.166666667,0.2,0.2,0.233333333,0.271186441,0.210526316,0.145454545,0.175438596,0.210526316,0.350877193,0.275862069,0.3,0.233333333,0.233333333,0.2,0.133333333,0.2,0.2,0.133333333,0.233333333,0.206896552,0.206896552,0.172413793,0.214285714,0.172413793,0.172413793,0.2,0.131147541,0.133333333,0.196721311,0.163934426,0.196721311,0.193548387,0.161290323,0.133333333,0.2,0.137931034,0.06779661,0.137931034,0.203389831,0.203389831,0.237288136,0.203389831,0.203389831,0.169491525,0.13559322,0.033898305,0,0,0,0.350877193,2,13:45
Suntec City Tower 1 and 2 (may not be correct),AC,22,1.2955707,103.8589791,3,0.7,Shell,0.034482759,0.034482759,0.036144578,0.035714286,0.035714286,0.035714286,0.035714286,0.035714286,0,0,0,0,0,0,0,0,0,0,0,0,0,0,0,0,0,0,0,0,0,0,0,0,0,0.034482759,0.034482759,0.103448276,0.139534884,0.108433735,0.06741573,0.166666667,0.2,0.266666667,0.4,0.433333333,0.5,0.533333333,0.466666667,0.5,0.566666667,0.674157303,0.674157303,0.662790698,0.627906977,0.523255814,0.523255814,0.593023256,0.564705882,0.647727273,0.640449438,0.640449438,0.724137931,0.784090909,0.75,0.75,0.75,0.707865169,0.662790698,0.578313253,0.464285714,0.469879518,0.548780488,0.620689655,0.681818182,0.8,0.833333333,1,1.024390244,0.951219512,1.012048193,0.988235294,1.046511628,0.965517241,0.837209302,0.802325581,0.642857143,0.464285714,0.352941176,0.176470588,0.069767442,0.103448276,0.136363636,0.134831461,0.134831461,0.102272727,0.034482759,0.034482759,1.046511628,3,20:00
Suntec City Tower 5 and CC,AC,22,1.2955707,103.8584791,4,0.7,Shell,0.082474227,0.081632653,0.043010753,0.043478261,0.042553191,0.042105263,0.042105263,0.042553191,0.042105263,0.041666667,0.041666667,0.041666667,0,0,0,0,0,0,0,0,0,0,0,0,0,0,0,0,0,0,0.118811881,0.118811881,0.237623762,0.475247525,0.475247525,0.554455446,0.588235294,0.571428571,0.588235294,0.576923077,0.647619048,0.723809524,0.79245283,0.830188679,0.923076923,1.018867925,1.295238095,1.242718447,1.215686275,1.267326733,1.333333333,1.465346535,1.44,1.425742574,1.465346535,1.188118812,1.306122449,1.398058252,1.398058252,1.398058252,1.398058252,1.475728155,1.436893204,1.36,1.36,1.28,1.195876289,1.260869565,1.319148936,1.25,1.306122449,1.373737374,1.346938776,1.346534653,1.28,1.098039216,1.294117647,1.254901961,1.386138614,1.346534653,1.281553398,1.058823529,1,1.094736842,0.968421053,0.659793814,0.489795918,0.363636364,0.282828283,0.163265306,0.12371134,0.041237113,0.042553191,0.042105263,0.041666667,0.042105263,1.475728155,4,15:15
Suntec City Tower 5 and CC,DC,120,1.2958707,103.8584791,4,0.75,Shell,0,0,0,0,0,0,0,0,0,0,0,0,0,0,0,0,0,0,0,0,0,0,0,0,0,0,0,0,0,0.034482759,0.034482759,0.068965517,0.103448276,0.068965517,0.034482759,0.068965517,0.137931034,0.137931034,0.3,0.266666667,0.3,0.369747899,0.266666667,0.2,0.233333333,0.333333333,0.369747899,0.533333333,0.5,0.566666667,0.466666667,0.413793103,0.448275862,0.482758621,0.551724138,0.482758621,0.486956522,0.403361345,0.504201681,0.566666667,0.533333333,0.533333333,0.268907563,0.3,0.233333333,0.235294118,0.280701754,0.212389381,0.280701754,0.212389381,0.247787611,0.338983051,0.27826087,0.336134454,0.470588235,0.470588235,0.4,0.26446281,0.163934426,0.325203252,0.325203252,0.290322581,0.333333333,0.3,0.1,0.1,0.1,0.066666667,0.067226891,0.033613445,0.033613445,0,0,0,0,0,0.566666667,4,12:15
Tanjong Ria Condominium (Private Use),AC,11,1.296714,103.874535,2,0.53,Keppel Volt,0.066666667,0.066666667,0.068965517,0.068965517,0.068965517,0.034482759,0.034482759,0.034482759,0.034482759,0.034482759,0.034482759,0.034482759,0,0,0,0,0.034482759,0.034482759,0.034482759,0.034482759,0.034482759,0.034482759,0.034482759,0.034482759,0.034482759,0.034482759,0.034482759,0.034482759,0.034482759,0.034482759,0.034482759,0.034482759,0,0,0,0,0,0,0,0,0,0,0,0.033333333,0.033333333,0.033333333,0.033333333,0.033333333,0.066666667,0.066666667,0.066666667,0.068965517,0.068965517,0.034482759,0.034482759,0.034482759,0.034482759,0.033333333,0,0,0,0,0,0,0,0,0,0,0,0,0,0.033333333,0.033333333,0.032258065,0.064516129,0.064516129,0.064516129,0.064516129,0.064516129,0.096774194,0.096774194,0.064516129,0.066666667,0.066666667,0.033333333,0.066666667,0.066666667,0.066666667,0.033333333,0.033333333,0.033333333,0.033333333,0.033333333,0.066666667,0.066666667,0.066666667,0.096774194,2,19:45
Tanjong Ria Condominium (Private Use),AC,22,1.296614,103.874535,1,0.53,Keppel Volt,0,0,0,0,0,0,0,0,0,0,0,0,0,0,0,0,0,0,0,0,0,0,0,0,0,0,0,0,0,0,0,0,0,0,0,0,0,0,0,0,0,0,0,0,0,0,0,0,0,0,0,0,0,0,0,0,0,0,0,0,0,0,0,0,0,0,0,0,0,0,0,0,0,0,0,0,0,0,0,0,0,0,0,0,0,0,0,0,0,0,0,0,0,0,0,0,0,1,0:00
The Alps Residences (Private Use),AC,22,1.354903,103.929542,6,0.53,Keppel Volt,0.5,0.466666667,0.517241379,0.517241379,0.482758621,0.517241379,0.517241379,0.482758621,0.448275862,0.448275862,0.413793103,0.379310345,0.344827586,0.344827586,0.275862069,0.206896552,0.206896552,0.206896552,0.172413793,0.172413793,0.172413793,0.137931034,0.103448276,0.103448276,0.034482759,0.034482759,0.034482759,0.034482759,0.034482759,0.034482759,0.034482759,0.068965517,0.068965517,0.103448276,0.137931034,0.137931034,0.137931034,0.103448276,0.1,0.1,0.1,0.133333333,0.1,0.1,0.1,0.1,0.133333333,0.1,0.066666667,0.066666667,0.066666667,0.068965517,0.068965517,0.068965517,0.034482759,0,0,0,0.033333333,0.033333333,0.033333333,0.033333333,0.033333333,0.066666667,0.066666667,0.066666667,0.068965517,0.137931034,0.137931034,0.137931034,0.137931034,0.133333333,0.2,0.161290323,0.161290323,0.129032258,0.193548387,0.193548387,0.129032258,0.129032258,0.129032258,0.193548387,0.2,0.2,0.233333333,0.266666667,0.266666667,0.366666667,0.366666667,0.366666667,0.333333333,0.366666667,0.466666667,0.466666667,0.466666667,0.533333333,0.533333333,6,23:45
The Centris - Residential (Private Use),AC,22,1.339897,103.705266,2,0.53,Keppel Volt,0.3,0.3,0.24137931,0.172413793,0.172413793,0.137931034,0.137931034,0.137931034,0.103448276,0.103448276,0.068965517,0.068965517,0.034482759,0.034482759,0.034482759,0.034482759,0.034482759,0.034482759,0.034482759,0.034482759,0.034482759,0.034482759,0.034482759,0.034482759,0.034482759,0.034482759,0.034482759,0.034482759,0.034482759,0.034482759,0.068965517,0.034482759,0.034482759,0,0,0,0,0,0,0,0.033333333,0.033333333,0.033333333,0.033333333,0.033333333,0.066666667,0.066666667,0.033333333,0.066666667,0.133333333,0.133333333,0.137931034,0.137931034,0.137931034,0.137931034,0.172413793,0.137931034,0.133333333,0.133333333,0.133333333,0.133333333,0.1,0.1,0.1,0.1,0.133333333,0.137931034,0.172413793,0.172413793,0.172413793,0.206896552,0.2,0.233333333,0.225806452,0.193548387,0.225806452,0.193548387,0.258064516,0.161290323,0.096774194,0.096774194,0.096774194,0.1,0.1,0.166666667,0.166666667,0.2,0.2,0.2,0.2,0.2,0.166666667,0.2,0.233333333,0.266666667,0.3,0.3,2,0:00
The Concourse,AC,3.7,1.3013604367509617,103.86223739385603,1,3 per hour,Shell,0,0,0,0,0,0,0,0,0,0,0,0,0,0,0,0,0,0,0,0,0,0,0,0,0,0,0,0,0,0,0,0,0,0,0,0,0.034482759,0.035714286,0.034482759,0.033333333,0.033333333,0.033333333,0.033333333,0.066666667,0.1,0.1,0.1,0.1,0.1,0.066666667,0.066666667,0.068965517,0.068965517,0.068965517,0.068965517,0.068965517,0.068965517,0.066666667,0.066666667,0.033333333,0.066666667,0.066666667,0.066666667,0.066666667,0.1,0.066666667,0.034482759,0,0,0,0,0,0,0,0,0,0,0,0,0,0,0,0,0,0,0,0,0,0,0.033333333,0.033333333,0.033333333,0,0,0,0,0.1,1,11:00
The Heeren,AC,7.4,1.302426,103.837197,1,3 per hour,Shell,0,0,0,0,0,0,0,0,0,0,0,0,0,0,0,0,0,0,0,0,0,0,0,0,0,0,0,0,0,0,0,0,0,0,0,0,0,0,0,0,0.1,0.133333333,0.166666667,0.2,0.266666667,0.366666667,0.366666667,0.433333333,0.366666667,0.3,0.266666667,0.310344828,0.275862069,0.275862069,0.379310345,0.344827586,0.344827586,0.333333333,0.233333333,0.266666667,0.3,0.366666667,0.3,0.233333333,0.233333333,0.2,0.206896552,0.24137931,0.206896552,0.206896552,0.310344828,0.333333333,0.3,0.290322581,0.258064516,0.322580645,0.322580645,0.322580645,0.35483871,0.35483871,0.35483871,0.322580645,0.2,0.1,0.066666667,0.1,0.066666667,0.066666667,0.066666667,0.033333333,0,0,0,0,0,0,0.433333333,1,11:45
The Poiz Centre,AC,6.6,1.331419,103.868127,4,3 per hour,Shell,0.066666667,0.066666667,0.068965517,0.068965517,0.068965517,0.068965517,0.068965517,0.068965517,0.034782609,0.034782609,0.034782609,0.034782609,0.034782609,0.034782609,0.034782609,0.034782609,0.034782609,0.034782609,0.034782609,0.068965517,0.068965517,0.068965517,0.068965517,0.068965517,0.068965517,0.068965517,0.068965517,0.068965517,0.068965517,0.068965517,0.068965517,0.034782609,0.034782609,0.034782609,0.034782609,0.103448276,0.068965517,0.035714286,0.033333333,0.033333333,0.033333333,0.033333333,0.033333333,0.033333333,0.033333333,0.033333333,0,0,0.066666667,0.033898305,0.1,0.068965517,0.104347826,0.068965517,0.137931034,0.103448276,0.034482759,0.033333333,0.033333333,0.033333333,0.066666667,0.033333333,0.066666667,0.033333333,0,0,0.034482759,0.034482759,0.034482759,0.034482759,0.034782609,0.1,0.134453782,0.161290323,0.099173554,0.064516129,0.064516129,0.096774194,0.064516129,0.064516129,0.064516129,0.064516129,0.066666667,0.066666667,0.033333333,0.033333333,0.033898305,0.035087719,0.033333333,0.066666667,0.033613445,0.033333333,0.033333333,0.033333333,0.033333333,0.068965517,0.161290323,4,18:15
The Trizon (Private Use),AC,22,1.316337,103.778062,2,0.53,Keppel Volt,0.133333333,0.1,0.068965517,0.068965517,0.034482759,0,0,0,0,0,0,0,0,0,0,0,0,0,0.034482759,0.034482759,0.034482759,0.034482759,0.034482759,0.034482759,0.034482759,0.034482759,0.034482759,0.034482759,0.034482759,0.034482759,0.034482759,0.034482759,0.034482759,0.034482759,0,0,0,0.034482759,0.033333333,0.033333333,0.1,0.1,0.1,0.133333333,0.1,0.1,0.066666667,0.066666667,0.066666667,0.066666667,0.066666667,0.068965517,0.103448276,0.172413793,0.172413793,0.172413793,0.24137931,0.233333333,0.266666667,0.266666667,0.266666667,0.3,0.333333333,0.333333333,0.333333333,0.233333333,0.24137931,0.24137931,0.275862069,0.275862069,0.24137931,0.266666667,0.266666667,0.322580645,0.322580645,0.35483871,0.322580645,0.35483871,0.387096774,0.483870968,0.451612903,0.580645161,0.566666667,0.566666667,0.533333333,0.533333333,0.466666667,0.466666667,0.333333333,0.3,0.266666667,0.2,0.2,0.233333333,0.233333333,0.233333333,0.580645161,2,20:15
URA Centre (East Wing) 45 Maxwell Road,DC,100,1.280439,103.845803,2,0.64,CDGE,0.133333333,0.133333333,0.103448276,0.034482759,0.172413793,0.103448276,0.103448276,0.068965517,0.068965517,0.068965517,0.068965517,0.103448276,0.068965517,0.034482759,0.034482759,0,0.034482759,0,0,0,0.034482759,0.034482759,0,0.103448276,0.24137931,0.275862069,0,0,0,0,0.034482759,0.137931034,0.137931034,0.068965517,0.034482759,0,0.068965517,0.172413793,0.3,0.333333333,0.533333333,0.466666667,0.533333333,0.466666667,0.7,0.7,0.566666667,0.5,0.366666667,0.366666667,0.666666667,0.724137931,0.620689655,0.517241379,0.413793103,0.413793103,0.448275862,0.366666667,0.3,0.266666667,0.333333333,0.333333333,0.3,0.333333333,0.3,0.233333333,0.172413793,0.172413793,0.172413793,0.310344828,0.206896552,0.233333333,0.166666667,0.193548387,0.225806452,0.258064516,0.35483871,0.225806452,0.225806452,0.258064516,0.290322581,0.225806452,0.333333333,0.3,0.266666667,0.266666667,0.2,0.2,0.233333333,0.166666667,0.066666667,0.066666667,0.1,0.133333333,0.1,0.2,0.724137931,2,12:45
Verdure Condo (Private Use),AC,22,1.309222,103.807086,2,0.53,Keppel Volt,0.066666667,0.066666667,0.034482759,0.034482759,0.034482759,0.034482759,0.034482759,0.034482759,0.034482759,0.034482759,0.034482759,0,0,0,0,0,0,0,0,0,0,0,0,0,0,0,0,0,0,0,0,0,0,0,0,0,0,0,0,0,0,0,0,0,0,0,0,0,0,0.033333333,0.033333333,0.068965517,0.034482759,0.034482759,0.034482759,0.034482759,0.068965517,0.1,0.1,0.1,0.133333333,0.133333333,0.133333333,0.133333333,0.166666667,0.133333333,0.137931034,0.137931034,0.137931034,0.137931034,0.137931034,0.133333333,0.166666667,0.193548387,0.193548387,0.193548387,0.225806452,0.225806452,0.225806452,0.225806452,0.225806452,0.161290323,0.166666667,0.166666667,0.2,0.2,0.2,0.2,0.2,0.166666667,0.133333333,0.133333333,0.066666667,0.066666667,0.066666667,0.066666667,0.225806452,2,19:00
Water Place Condominium (Private Use),AC,22,1.297027,103.872418,4,0.53,Keppel Volt,0.033333333,0.033333333,0.034482759,0.034482759,0.034482759,0.034482759,0.034482759,0.034482759,0.034482759,0.034482759,0,0,0,0,0,0,0,0,0,0,0,0,0,0,0,0,0,0,0,0,0.068965517,0.172413793,0.172413793,0.172413793,0.172413793,0.172413793,0.137931034,0.137931034,0.133333333,0.133333333,0.133333333,0.1,0.1,0.133333333,0.1,0.1,0.1,0.1,0.066666667,0.033333333,0,0,0,0,0.034482759,0.034482759,0.068965517,0.066666667,0.166666667,0.166666667,0.166666667,0.166666667,0.166666667,0.166666667,0.166666667,0.166666667,0.137931034,0.137931034,0.137931034,0.068965517,0.068965517,0.033333333,0,0,0,0,0,0,0,0,0.032258065,0.032258065,0.033333333,0.033333333,0.033333333,0.033333333,0.066666667,0.066666667,0.066666667,0.066666667,0.066666667,0.033333333,0.033333333,0.033333333,0.033333333,0.033333333,0.172413793,4,7:45
Waterfront Waves (Private Use),AC,22,1.337682,103.929655,5,0.53,Keppel Volt,0.1,0.066666667,0.034482759,0.034482759,0.034482759,0.034482759,0.034482759,0.034482759,0,0,0,0,0,0,0,0,0,0,0,0,0,0,0,0,0,0,0,0,0,0.034482759,0.034482759,0.034482759,0.034482759,0.103448276,0.103448276,0.103448276,0.103448276,0.103448276,0.1,0.133333333,0.133333333,0.1,0.1,0.1,0.066666667,0.066666667,0.1,0.1,0.1,0.1,0.1,0.068965517,0.103448276,0.103448276,0.103448276,0.068965517,0.068965517,0.066666667,0.066666667,0.066666667,0.066666667,0.066666667,0.066666667,0.066666667,0.066666667,0.033333333,0.034482759,0.034482759,0.034482759,0.034482759,0.034482759,0.033333333,0.033333333,0.064516129,0.064516129,0.096774194,0.096774194,0.096774194,0.129032258,0.129032258,0.193548387,0.193548387,0.2,0.2,0.2,0.133333333,0.133333333,0.133333333,0.133333333,0.133333333,0.1,0.1,0.133333333,0.133333333,0.1,0.1,0.2,5,20:30
